sessionStart,sessionEnd,durationHours
2025-03-14T01:46:55.522Z,2025-03-14T01:50:31.667Z,0.06
2025-03-14T01:50:31.667Z,2025-03-14T01:53:13.334Z,0.04
2025-03-14T01:53:13.334Z,2025-03-14T01:54:42.464Z,0.02
2025-03-14T01:54:42.464Z,2025-03-14T01:57:30.879Z,0.05
2025-03-14T01:57:30.879Z,2025-03-14T01:58:07.630Z,0.01
2025-03-14T01:58:07.630Z,2025-03-14T02:01:39.773Z,0.06
2025-03-14T02:01:39.773Z,2025-03-14T02:02:28.447Z,0.01
2025-03-14T02:02:28.447Z,2025-03-14T02:02:52.229Z,0.01
2025-03-14T02:02:52.229Z,2025-03-14T02:05:56.052Z,0.05
2025-03-14T02:05:56.052Z,2025-03-14T02:06:05.368Z,0.00
2025-03-14T02:06:05.368Z,2025-03-14T02:06:37.180Z,0.01
2025-03-14T02:06:37.180Z,2025-03-14T02:07:12.127Z,0.01
2025-03-14T02:07:12.127Z,2025-03-14T02:07:56.956Z,0.01
2025-03-14T02:07:56.956Z,2025-03-14T02:09:52.023Z,0.03
2025-03-14T02:09:52.023Z,2025-03-14T02:11:01.549Z,0.02
2025-03-14T02:11:01.549Z,2025-03-14T02:13:02.476Z,0.03
2025-03-14T02:13:02.476Z,2025-03-14T02:14:31.294Z,0.02
2025-03-14T02:14:31.294Z,2025-03-14T02:14:59.139Z,0.01
2025-03-14T02:14:59.139Z,2025-03-14T02:15:25.237Z,0.01
2025-03-14T02:15:25.237Z,2025-03-14T02:15:34.447Z,0.00
2025-03-14T02:15:34.447Z,2025-03-14T02:16:11.424Z,0.01
2025-03-14T02:16:11.424Z,2025-03-14T02:16:31.619Z,0.01
2025-03-14T02:16:31.619Z,2025-03-14T02:18:02.402Z,0.03
2025-03-14T02:18:02.402Z,2025-03-14T02:19:57.495Z,0.03
2025-03-14T02:19:57.495Z,2025-03-14T02:20:20.172Z,0.01
2025-03-14T02:20:20.172Z,2025-03-14T02:20:48.698Z,0.01
2025-03-14T02:20:48.698Z,2025-03-14T02:21:37.583Z,0.01
2025-03-14T02:21:37.583Z,2025-03-14T02:22:06.453Z,0.01
2025-03-14T02:22:06.453Z,2025-03-14T02:23:30.497Z,0.02
2025-03-14T02:23:30.497Z,2025-03-14T02:25:37.379Z,0.04
2025-03-14T02:25:37.379Z,2025-03-14T02:29:02.932Z,0.06
2025-03-14T02:29:02.932Z,2025-03-14T02:31:22.284Z,0.04
2025-03-14T02:31:22.284Z,2025-03-14T02:32:12.144Z,0.01
2025-03-14T02:32:12.144Z,2025-03-14T02:32:44.052Z,0.01
2025-03-14T02:32:44.052Z,2025-03-14T02:33:06.099Z,0.01
2025-03-14T02:33:06.099Z,2025-03-14T02:33:24.924Z,0.01
2025-03-14T02:33:24.924Z,2025-03-14T02:33:52.845Z,0.01
2025-03-14T02:33:52.845Z,2025-03-14T02:34:34.024Z,0.01
2025-03-14T02:34:34.024Z,2025-03-14T02:36:59.376Z,0.04
2025-03-14T02:36:59.376Z,2025-03-14T02:37:18.668Z,0.01
2025-03-14T02:37:18.668Z,2025-03-14T02:39:01.791Z,0.03
2025-03-14T02:39:01.791Z,2025-03-14T02:39:39.975Z,0.01
2025-03-14T02:39:39.975Z,2025-03-14T02:41:27.148Z,0.03
2025-03-14T02:41:27.148Z,2025-03-14T02:41:54.415Z,0.01
2025-03-14T02:41:54.415Z,2025-03-14T02:45:22.883Z,0.06
2025-03-14T02:45:22.883Z,2025-03-14T02:45:36.109Z,0.00
2025-03-14T02:45:36.109Z,2025-03-14T02:45:54.771Z,0.01
2025-03-14T02:45:54.771Z,2025-03-14T02:46:10.509Z,0.00
2025-03-14T02:46:10.509Z,2025-03-14T02:47:01.670Z,0.01
2025-03-14T02:47:01.670Z,2025-03-14T02:48:06.174Z,0.02
2025-03-14T02:48:06.174Z,2025-03-14T02:48:31.970Z,0.01
2025-03-14T02:48:31.970Z,2025-03-14T02:50:22.692Z,0.03
2025-03-14T02:50:22.692Z,2025-03-14T02:51:40.537Z,0.02
2025-03-14T02:51:40.537Z,2025-03-14T02:52:04.733Z,0.01
2025-03-14T02:52:04.733Z,2025-03-14T02:52:42.712Z,0.01
2025-03-14T02:52:42.712Z,2025-03-14T02:54:07.519Z,0.02
2025-03-14T02:54:07.519Z,2025-03-14T02:55:19.921Z,0.02
2025-03-14T02:55:19.921Z,2025-03-14T02:58:51.580Z,0.06
2025-03-14T02:58:51.580Z,2025-03-14T02:59:53.849Z,0.02
2025-03-14T02:59:53.849Z,2025-03-14T03:01:50.160Z,0.03
2025-03-14T03:01:50.160Z,2025-03-14T03:02:52.760Z,0.02
2025-03-14T03:02:52.760Z,2025-03-14T03:03:05.475Z,0.00
2025-03-14T12:07:31.174Z,2025-03-14T12:07:43.745Z,0.00
2025-03-14T12:07:43.745Z,2025-03-14T12:08:38.375Z,0.02
2025-03-14T12:08:38.375Z,2025-03-14T12:09:56.496Z,0.02
2025-03-14T12:09:56.496Z,2025-03-14T12:10:33.080Z,0.01
2025-03-14T12:10:33.080Z,2025-03-14T12:10:39.218Z,0.00
2025-03-14T12:10:39.218Z,2025-03-14T12:11:42.143Z,0.02
2025-03-14T12:11:42.143Z,2025-03-14T12:12:57.834Z,0.02
2025-03-14T12:12:57.834Z,2025-03-14T12:13:50.254Z,0.01
2025-03-14T12:13:50.254Z,2025-03-14T12:14:17.956Z,0.01
2025-03-14T12:14:17.956Z,2025-03-14T12:15:15.508Z,0.02
2025-03-14T12:15:15.508Z,2025-03-14T12:19:09.322Z,0.06
2025-03-14T12:19:09.322Z,2025-03-14T12:26:59.037Z,0.13
2025-03-14T12:26:59.037Z,2025-03-14T12:28:19.217Z,0.02
2025-03-14T12:28:19.217Z,2025-03-14T12:29:13.832Z,0.02
2025-03-14T12:29:13.832Z,2025-03-14T12:31:49.685Z,0.04
2025-03-14T12:31:49.685Z,2025-03-14T12:32:50.696Z,0.02
2025-03-14T12:32:50.696Z,2025-03-14T12:33:42.645Z,0.01
2025-03-14T12:33:42.645Z,2025-03-14T12:34:19.879Z,0.01
2025-03-14T12:34:19.879Z,2025-03-14T12:35:28.150Z,0.02
2025-03-14T12:35:28.150Z,2025-03-14T12:35:34.032Z,0.00
2025-03-14T12:35:34.032Z,2025-03-14T12:35:41.021Z,0.00
2025-03-14T12:35:41.021Z,2025-03-14T12:36:00.370Z,0.01
2025-03-14T12:36:00.370Z,2025-03-14T12:36:29.941Z,0.01
2025-03-14T12:36:29.941Z,2025-03-14T12:36:51.470Z,0.01
2025-03-14T12:36:51.470Z,2025-03-14T12:38:04.519Z,0.02
2025-03-14T12:38:04.519Z,2025-03-14T12:38:08.469Z,0.00
2025-03-14T12:38:08.469Z,2025-03-14T12:54:25.291Z,0.27
2025-03-14T12:54:25.291Z,2025-03-14T13:27:35.482Z,0.55
2025-03-14T13:27:35.482Z,2025-03-14T13:28:21.963Z,0.01
2025-03-14T13:28:21.963Z,2025-03-14T13:30:07.973Z,0.03
2025-03-14T13:30:07.973Z,2025-03-14T13:31:17.050Z,0.02
2025-03-14T13:31:17.050Z,2025-03-14T13:32:11.781Z,0.02
2025-03-14T13:32:11.781Z,2025-03-14T14:42:54.721Z,1.18
2025-03-14T14:42:54.721Z,2025-03-14T14:43:19.983Z,0.01
2025-03-14T14:43:19.983Z,2025-03-14T14:43:25.471Z,0.00
2025-03-14T14:43:25.471Z,2025-03-14T14:44:53.814Z,0.02
2025-03-14T14:44:53.814Z,2025-03-14T14:45:48.044Z,0.02
2025-03-14T14:45:48.044Z,2025-03-14T14:46:03.632Z,0.00
2025-03-14T14:46:03.632Z,2025-03-14T14:46:49.261Z,0.01
2025-03-14T14:46:49.261Z,2025-03-14T14:48:36.333Z,0.03
2025-03-14T14:48:36.333Z,2025-03-14T14:50:01.425Z,0.02
2025-03-14T14:50:01.425Z,2025-03-14T14:50:42.388Z,0.01
2025-03-14T14:50:42.388Z,2025-03-14T14:53:11.510Z,0.04
2025-03-14T14:53:11.510Z,2025-03-14T14:53:18.962Z,0.00
2025-03-14T14:53:18.962Z,2025-03-14T14:55:04.966Z,0.03
2025-03-14T14:55:04.966Z,2025-03-14T14:55:23.282Z,0.01
2025-03-14T14:55:23.282Z,2025-03-14T14:56:33.231Z,0.02
2025-03-14T14:56:33.231Z,2025-03-14T14:56:47.732Z,0.00
2025-03-14T14:56:47.732Z,2025-03-14T14:57:31.441Z,0.01
2025-03-14T14:57:31.441Z,2025-03-14T15:01:58.340Z,0.07
2025-03-14T15:01:58.340Z,2025-03-14T15:04:27.195Z,0.04
2025-03-14T15:04:27.195Z,2025-03-14T15:05:21.351Z,0.02
2025-03-14T15:05:21.351Z,2025-03-14T15:05:48.050Z,0.01
2025-03-14T15:05:48.050Z,2025-03-14T17:58:40.187Z,2.88
2025-03-14T17:58:40.187Z,2025-03-14T18:00:00.424Z,0.02
2025-03-14T18:00:00.424Z,2025-03-14T18:00:52.666Z,0.01
2025-03-14T18:00:52.666Z,2025-03-14T18:03:33.855Z,0.04
2025-03-14T18:03:33.855Z,2025-03-14T18:07:36.135Z,0.07
2025-03-14T18:07:36.135Z,2025-03-14T18:08:01.403Z,0.01
2025-03-14T18:08:01.403Z,2025-03-14T18:08:44.697Z,0.01
2025-03-14T18:08:44.697Z,2025-03-14T18:08:54.036Z,0.00
2025-03-14T18:08:54.036Z,2025-03-14T18:09:16.430Z,0.01
2025-03-14T18:09:16.430Z,2025-03-14T18:09:26.099Z,0.00
2025-03-14T18:09:26.099Z,2025-03-14T18:09:34.065Z,0.00
2025-03-14T18:09:34.065Z,2025-03-14T18:09:43.265Z,0.00
2025-03-14T18:09:43.265Z,2025-03-14T18:10:17.817Z,0.01
2025-03-14T18:10:17.817Z,2025-03-14T18:10:40.134Z,0.01
2025-03-14T18:10:40.134Z,2025-03-14T18:10:48.119Z,0.00
2025-03-14T18:10:48.119Z,2025-03-14T18:10:58.987Z,0.00
2025-03-14T18:10:58.987Z,2025-03-14T18:11:45.619Z,0.01
2025-03-14T18:11:45.619Z,2025-03-14T18:12:31.872Z,0.01
2025-03-14T18:12:31.872Z,2025-03-14T18:12:43.688Z,0.00
2025-03-14T18:12:43.688Z,2025-03-14T18:15:21.375Z,0.04
2025-03-14T18:15:21.375Z,2025-03-14T18:17:26.091Z,0.03
2025-03-14T18:17:26.091Z,2025-03-14T18:19:01.946Z,0.03
2025-03-14T18:19:01.946Z,2025-03-14T18:20:37.538Z,0.03
2025-03-14T18:20:37.538Z,2025-03-14T18:31:11.878Z,0.18
2025-03-14T18:31:11.878Z,2025-03-14T18:32:58.639Z,0.03
2025-03-14T18:32:58.639Z,2025-03-14T18:37:15.523Z,0.07
2025-03-14T18:37:15.523Z,2025-03-14T18:38:40.942Z,0.02
2025-03-14T18:38:40.942Z,2025-03-14T18:39:13.366Z,0.01
2025-03-14T18:39:13.366Z,2025-03-14T20:03:24.340Z,1.40
2025-03-14T20:03:24.340Z,2025-03-14T20:03:58.214Z,0.01
2025-03-14T20:03:58.214Z,2025-03-14T20:04:03.553Z,0.00
2025-03-14T20:04:03.553Z,2025-03-14T20:04:48.346Z,0.01
2025-03-14T20:04:48.346Z,2025-03-14T20:04:54.068Z,0.00
2025-03-14T20:04:54.068Z,2025-03-14T20:05:20.204Z,0.01
2025-03-14T20:05:20.204Z,2025-03-14T20:06:51.147Z,0.03
2025-03-14T20:06:51.147Z,2025-03-14T20:10:14.600Z,0.06
2025-03-14T20:10:14.600Z,2025-03-14T20:11:15.827Z,0.02
2025-03-14T20:11:15.827Z,2025-03-14T20:11:36.046Z,0.01
2025-03-14T20:11:36.046Z,2025-03-14T20:12:17.848Z,0.01
2025-03-14T20:12:17.848Z,2025-03-14T20:12:27.624Z,0.00
2025-03-14T20:12:27.624Z,2025-03-14T20:13:37.932Z,0.02
2025-03-14T20:13:37.932Z,2025-03-14T20:14:13.787Z,0.01
2025-03-14T20:14:13.787Z,2025-03-14T20:17:26.568Z,0.05
2025-03-14T20:17:26.568Z,2025-03-14T20:17:38.522Z,0.00
2025-03-14T20:17:38.522Z,2025-03-14T20:18:07.342Z,0.01
2025-03-14T20:18:07.342Z,2025-03-14T20:18:26.163Z,0.01
2025-03-14T20:18:26.163Z,2025-03-14T20:18:41.939Z,0.00
2025-03-14T20:18:41.939Z,2025-03-14T20:19:14.826Z,0.01
2025-03-14T20:19:14.826Z,2025-03-14T20:19:59.369Z,0.01
2025-03-14T20:19:59.369Z,2025-03-14T20:20:28.670Z,0.01
2025-03-14T20:20:28.670Z,2025-03-14T20:20:52.050Z,0.01
2025-03-14T20:20:52.050Z,2025-03-14T20:22:49.066Z,0.03
2025-03-14T20:22:49.066Z,2025-03-14T20:25:08.854Z,0.04
2025-03-14T20:25:08.854Z,2025-03-14T20:26:01.733Z,0.01
2025-03-14T20:26:01.733Z,2025-03-14T20:27:04.365Z,0.02
2025-03-14T20:27:04.365Z,2025-03-14T20:27:26.375Z,0.01
2025-03-14T20:27:26.375Z,2025-03-14T20:28:19.256Z,0.01
2025-03-14T20:28:19.256Z,2025-03-14T20:28:33.364Z,0.00
2025-03-14T20:28:33.364Z,2025-03-14T20:28:44.368Z,0.00
2025-03-14T20:28:44.368Z,2025-03-14T20:29:32.569Z,0.01
2025-03-14T20:29:32.569Z,2025-03-14T20:29:43.807Z,0.00
2025-03-14T20:29:43.807Z,2025-03-14T20:30:13.320Z,0.01
2025-03-14T20:30:13.320Z,2025-03-14T20:30:25.203Z,0.00
2025-03-14T20:30:25.203Z,2025-03-14T20:31:58.197Z,0.03
2025-03-14T20:31:58.197Z,2025-03-14T20:33:54.797Z,0.03
2025-03-14T20:33:54.797Z,2025-03-14T20:34:04.441Z,0.00
2025-03-14T20:34:04.441Z,2025-03-14T20:35:10.423Z,0.02
2025-03-14T20:35:10.423Z,2025-03-14T20:37:00.123Z,0.03
2025-03-14T20:37:00.123Z,2025-03-14T20:38:18.229Z,0.02
2025-03-14T20:38:18.229Z,2025-03-14T20:38:59.545Z,0.01
2025-03-14T20:38:59.545Z,2025-03-14T20:39:41.709Z,0.01
2025-03-14T20:39:41.709Z,2025-03-14T20:41:15.170Z,0.03
2025-03-14T20:41:15.170Z,2025-03-14T20:41:39.576Z,0.01
2025-03-14T20:41:39.576Z,2025-03-14T20:44:29.863Z,0.05
2025-03-14T20:44:29.863Z,2025-03-14T20:44:46.041Z,0.00
2025-03-14T20:44:46.041Z,2025-03-14T20:45:20.326Z,0.01
2025-03-14T20:45:20.326Z,2025-03-14T20:45:49.035Z,0.01
2025-03-14T20:45:49.035Z,2025-03-14T20:49:22.807Z,0.06
2025-03-14T20:49:22.807Z,2025-03-14T20:49:31.360Z,0.00
2025-03-14T20:49:31.360Z,2025-03-14T20:51:18.133Z,0.03
2025-03-14T20:51:18.133Z,2025-03-14T20:51:19.936Z,0.00
2025-03-14T20:51:19.936Z,2025-03-14T20:52:23.772Z,0.02
2025-03-14T20:52:23.772Z,2025-03-14T20:52:48.167Z,0.01
2025-03-14T20:52:48.167Z,2025-03-14T20:55:34.523Z,0.05
2025-03-14T20:55:34.523Z,2025-03-14T20:55:55.729Z,0.01
2025-03-14T20:55:55.729Z,2025-03-14T20:56:37.075Z,0.01
2025-03-14T20:56:37.075Z,2025-03-14T23:24:06.340Z,2.46
2025-03-14T23:24:06.340Z,2025-03-14T23:24:39.489Z,0.01
2025-03-14T23:24:39.489Z,2025-03-14T23:25:38.843Z,0.02
2025-03-14T23:25:38.843Z,2025-03-14T23:26:27.460Z,0.01
2025-03-14T23:26:27.460Z,2025-03-14T23:27:41.058Z,0.02
2025-03-14T23:27:41.058Z,2025-03-14T23:28:18.983Z,0.01
2025-03-14T23:28:18.983Z,2025-03-14T23:29:50.997Z,0.03
2025-03-14T23:29:50.997Z,2025-03-14T23:33:09.957Z,0.06
2025-03-14T23:33:09.957Z,2025-03-14T23:35:34.464Z,0.04
2025-03-14T23:35:34.464Z,2025-03-14T23:35:40.045Z,0.00
2025-03-14T23:35:40.045Z,2025-03-14T23:41:35.194Z,0.10
2025-03-14T23:41:35.194Z,2025-03-14T23:45:50.202Z,0.07
2025-03-14T23:45:50.202Z,2025-03-14T23:48:03.302Z,0.04
2025-03-14T23:48:03.302Z,2025-03-14T23:51:05.617Z,0.05
2025-03-14T23:51:05.617Z,2025-03-14T23:53:28.147Z,0.04
2025-03-14T23:53:28.147Z,2025-03-14T23:54:53.521Z,0.02
2025-03-14T23:54:53.521Z,2025-03-14T23:59:30.097Z,0.08
2025-03-14T23:59:30.097Z,2025-03-15T00:03:38.097Z,0.07
2025-03-15T00:03:38.097Z,2025-03-15T00:10:30.588Z,0.11
2025-03-15T16:09:09.553Z,2025-03-15T16:14:02.209Z,0.08
2025-03-15T16:14:02.209Z,2025-03-15T16:18:08.151Z,0.07
2025-03-15T16:18:08.151Z,2025-03-15T16:18:25.644Z,0.00
2025-03-15T16:18:25.644Z,2025-03-15T16:18:36.885Z,0.00
2025-03-15T16:18:36.885Z,2025-03-15T16:37:00.907Z,0.31
2025-03-15T16:37:00.907Z,2025-03-15T16:37:08.786Z,0.00
2025-03-15T16:37:08.786Z,2025-03-15T16:37:11.979Z,0.00
2025-03-15T16:37:11.979Z,2025-03-15T16:43:34.137Z,0.11
2025-03-15T16:43:34.137Z,2025-03-15T16:46:00.213Z,0.04
2025-03-15T16:46:00.213Z,2025-03-15T16:55:13.216Z,0.15
2025-03-15T16:55:13.216Z,2025-03-15T17:01:21.069Z,0.10
2025-03-15T17:01:21.069Z,2025-03-15T17:01:23.102Z,0.00
2025-03-15T17:01:23.102Z,2025-03-15T17:08:05.170Z,0.11
2025-03-15T17:08:05.170Z,2025-03-15T17:24:49.635Z,0.28
2025-03-15T17:24:49.635Z,2025-03-15T17:25:31.704Z,0.01
2025-03-15T17:25:31.704Z,2025-03-15T18:00:17.193Z,0.58
2025-03-15T18:00:17.193Z,2025-03-15T18:00:44.840Z,0.01
2025-03-15T18:00:44.840Z,2025-03-15T18:06:04.630Z,0.09
2025-03-15T18:06:04.630Z,2025-03-15T18:07:25.276Z,0.02
2025-03-15T18:07:25.276Z,2025-03-15T18:09:23.815Z,0.03
2025-03-15T18:09:23.815Z,2025-03-15T18:09:54.364Z,0.01
2025-03-15T18:09:54.364Z,2025-03-15T18:10:20.366Z,0.01
2025-03-15T18:10:20.366Z,2025-03-15T18:10:51.334Z,0.01
2025-03-15T18:10:51.334Z,2025-03-15T18:11:54.431Z,0.02
2025-03-15T18:11:54.431Z,2025-03-15T18:14:27.791Z,0.04
2025-03-15T18:14:27.791Z,2025-03-15T18:14:53.621Z,0.01
2025-03-15T18:14:53.621Z,2025-03-15T18:15:19.851Z,0.01
2025-03-15T18:15:19.851Z,2025-03-15T18:16:33.426Z,0.02
2025-03-15T18:16:33.426Z,2025-03-15T18:17:16.679Z,0.01
2025-03-15T18:17:16.679Z,2025-03-15T18:17:48.262Z,0.01
2025-03-15T18:17:48.262Z,2025-03-15T18:18:36.113Z,0.01
2025-03-15T18:18:36.113Z,2025-03-15T18:18:56.265Z,0.01
2025-03-15T18:18:56.265Z,2025-03-15T18:19:05.330Z,0.00
2025-03-15T18:19:05.330Z,2025-03-15T18:19:25.665Z,0.01
2025-03-15T18:19:25.665Z,2025-03-15T18:19:46.592Z,0.01
2025-03-15T18:19:46.592Z,2025-03-15T18:20:58.250Z,0.02
2025-03-15T18:20:58.250Z,2025-03-15T18:21:54.594Z,0.02
2025-03-15T18:21:54.594Z,2025-03-15T18:22:58.787Z,0.02
2025-03-15T18:22:58.787Z,2025-03-15T18:25:09.745Z,0.04
2025-03-15T18:25:09.745Z,2025-03-15T18:25:29.283Z,0.01
2025-03-15T18:25:29.283Z,2025-03-15T18:28:32.207Z,0.05
2025-03-15T18:28:32.207Z,2025-03-15T18:28:37.460Z,0.00
2025-03-15T18:28:37.460Z,2025-03-15T18:29:14.112Z,0.01
2025-03-15T18:29:14.112Z,2025-03-15T18:29:50.143Z,0.01
2025-03-15T18:29:50.143Z,2025-03-15T18:33:27.017Z,0.06
2025-03-15T18:33:27.017Z,2025-03-15T18:33:52.624Z,0.01
2025-03-15T18:33:52.624Z,2025-03-15T18:35:14.263Z,0.02
2025-03-15T18:35:14.263Z,2025-03-15T18:37:06.563Z,0.03
2025-03-15T18:37:06.563Z,2025-03-15T18:38:06.220Z,0.02
2025-03-15T18:38:06.220Z,2025-03-15T18:54:43.608Z,0.28
2025-03-15T18:54:43.608Z,2025-03-15T18:55:27.206Z,0.01
2025-03-15T18:55:27.206Z,2025-03-15T18:57:50.276Z,0.04
2025-03-15T18:57:50.276Z,2025-03-15T19:01:13.607Z,0.06
2025-03-15T19:01:13.607Z,2025-03-15T19:01:19.496Z,0.00
2025-03-15T19:01:19.496Z,2025-03-15T19:05:21.709Z,0.07
2025-03-15T19:05:21.709Z,2025-03-15T19:08:09.690Z,0.05
2025-03-15T19:08:09.690Z,2025-03-15T19:08:17.552Z,0.00
2025-03-15T19:08:17.552Z,2025-03-15T19:08:19.456Z,0.00
2025-03-15T19:08:19.456Z,2025-03-15T19:10:28.417Z,0.04
2025-03-15T19:10:28.417Z,2025-03-15T19:10:44.580Z,0.00
2025-03-15T19:10:44.580Z,2025-03-15T19:12:21.094Z,0.03
2025-03-15T19:12:21.094Z,2025-03-15T19:13:39.869Z,0.02
2025-03-15T19:13:39.869Z,2025-03-15T19:17:22.018Z,0.06
2025-03-15T19:17:22.018Z,2025-03-15T19:19:33.810Z,0.04
2025-03-15T19:19:33.810Z,2025-03-15T19:22:24.906Z,0.05
2025-03-15T19:22:24.906Z,2025-03-15T19:23:41.191Z,0.02
2025-03-15T19:23:41.191Z,2025-03-15T19:27:10.635Z,0.06
2025-03-15T19:27:10.635Z,2025-03-15T19:27:23.460Z,0.00
2025-03-15T19:27:23.460Z,2025-03-15T19:29:11.675Z,0.03
2025-03-15T19:29:11.675Z,2025-03-15T19:29:31.993Z,0.01
2025-03-15T19:29:31.993Z,2025-03-15T19:30:33.130Z,0.02
2025-03-15T19:30:33.130Z,2025-03-15T19:37:14.403Z,0.11
2025-03-15T19:37:14.403Z,2025-03-15T19:37:47.700Z,0.01
2025-03-15T19:37:47.700Z,2025-03-15T19:38:18.285Z,0.01
2025-03-15T19:38:18.285Z,2025-03-15T19:39:38.250Z,0.02
2025-03-15T19:39:38.250Z,2025-03-15T19:42:57.682Z,0.06
2025-03-15T19:42:57.682Z,2025-03-15T19:44:12.578Z,0.02
2025-03-15T19:44:12.578Z,2025-03-15T19:44:19.694Z,0.00
2025-03-15T19:44:19.694Z,2025-03-15T19:44:58.768Z,0.01
2025-03-15T19:44:58.768Z,2025-03-15T19:45:53.254Z,0.02
2025-03-15T19:45:53.254Z,2025-03-15T19:46:04.829Z,0.00
2025-03-15T19:46:04.829Z,2025-03-15T19:47:18.782Z,0.02
2025-03-15T19:47:18.782Z,2025-03-15T19:47:43.998Z,0.01
2025-03-15T19:47:43.998Z,2025-03-15T19:48:09.733Z,0.01
2025-03-15T19:48:09.733Z,2025-03-15T19:48:13.326Z,0.00
2025-03-15T19:48:13.326Z,2025-03-15T19:50:37.319Z,0.04
2025-03-15T19:50:37.319Z,2025-03-15T20:01:14.723Z,0.18
2025-03-15T20:01:14.723Z,2025-03-15T20:02:12.612Z,0.02
2025-03-15T20:02:12.612Z,2025-03-15T20:04:03.995Z,0.03
2025-03-15T20:04:03.995Z,2025-03-15T20:05:20.301Z,0.02
2025-03-15T20:05:20.301Z,2025-03-15T20:05:23.407Z,0.00
2025-03-15T20:05:23.407Z,2025-03-15T20:11:01.805Z,0.09
2025-03-15T20:11:01.805Z,2025-03-15T20:15:54.745Z,0.08
2025-03-15T20:15:54.745Z,2025-03-15T20:16:45.971Z,0.01
2025-03-15T20:16:45.971Z,2025-03-15T20:17:28.778Z,0.01
2025-03-15T20:17:28.778Z,2025-03-15T20:17:31.377Z,0.00
2025-03-15T20:17:31.377Z,2025-03-15T20:19:04.376Z,0.03
2025-03-15T20:19:04.376Z,2025-03-15T20:21:18.804Z,0.04
2025-03-15T20:21:18.804Z,2025-03-15T20:48:13.946Z,0.45
2025-03-15T20:48:13.946Z,2025-03-15T20:48:27.918Z,0.00
2025-03-15T20:48:27.918Z,2025-03-15T20:57:43.059Z,0.15
2025-03-15T20:57:43.059Z,2025-03-16T00:25:34.023Z,3.46
2025-03-16T00:25:34.023Z,2025-03-16T00:38:16.639Z,0.21
2025-03-16T00:38:16.639Z,2025-03-16T00:38:19.852Z,0.00
2025-03-16T00:38:19.852Z,2025-03-16T00:38:58.853Z,0.01
2025-03-16T00:38:58.853Z,2025-03-16T00:42:15.590Z,0.05
2025-03-16T00:42:15.590Z,2025-03-16T00:43:48.029Z,0.03
2025-03-16T00:43:48.029Z,2025-03-16T00:43:52.889Z,0.00
2025-03-16T00:43:52.889Z,2025-03-16T00:44:15.817Z,0.01
2025-03-16T00:44:15.817Z,2025-03-16T00:56:05.678Z,0.20
2025-03-16T00:56:05.678Z,2025-03-16T01:02:06.142Z,0.10
2025-03-16T01:02:06.142Z,2025-03-16T01:05:48.299Z,0.06
2025-03-16T01:05:48.299Z,2025-03-16T02:28:45.674Z,1.38
2025-03-16T02:28:45.674Z,2025-03-16T02:30:29.126Z,0.03
2025-03-16T02:30:29.126Z,2025-03-16T02:30:52.299Z,0.01
2025-03-16T02:30:52.299Z,2025-03-16T02:31:12.391Z,0.01
2025-03-16T02:31:12.391Z,2025-03-16T02:32:12.751Z,0.02
2025-03-16T02:32:12.751Z,2025-03-16T02:33:26.852Z,0.02
2025-03-16T02:33:26.852Z,2025-03-16T02:34:16.358Z,0.01
2025-03-16T02:34:16.358Z,2025-03-16T02:34:45.081Z,0.01
2025-03-16T02:34:45.081Z,2025-03-16T02:35:26.920Z,0.01
2025-03-16T02:35:26.920Z,2025-03-16T02:35:58.310Z,0.01
2025-03-16T02:35:58.310Z,2025-03-16T02:37:21.600Z,0.02
2025-03-16T02:37:21.600Z,2025-03-16T02:37:25.329Z,0.00
2025-03-16T02:37:25.329Z,2025-03-16T02:38:08.763Z,0.01
2025-03-16T02:38:08.763Z,2025-03-16T02:55:46.909Z,0.29
2025-03-16T02:55:46.909Z,2025-03-16T03:03:00.817Z,0.12
2025-03-16T03:03:00.817Z,2025-03-16T03:03:25.935Z,0.01
2025-03-16T03:03:25.935Z,2025-03-16T03:06:57.512Z,0.06
2025-03-16T03:06:57.512Z,2025-03-16T03:11:55.680Z,0.08
2025-03-16T03:11:55.680Z,2025-03-16T03:15:28.316Z,0.06
2025-03-16T03:15:28.316Z,2025-03-16T03:16:36.780Z,0.02
2025-03-16T03:16:36.780Z,2025-03-16T03:18:12.259Z,0.03
2025-03-16T03:18:12.259Z,2025-03-16T03:21:15.160Z,0.05
2025-03-16T03:21:15.160Z,2025-03-16T03:25:05.244Z,0.06
2025-03-16T03:25:05.244Z,2025-03-16T03:25:42.127Z,0.01
2025-03-16T03:25:42.127Z,2025-03-16T03:31:49.187Z,0.10
2025-03-16T03:31:49.187Z,2025-03-16T03:48:01.873Z,0.27
2025-03-16T03:48:01.873Z,2025-03-16T03:48:07.465Z,0.00
2025-03-16T03:48:07.465Z,2025-03-16T03:56:01.322Z,0.13
2025-03-16T03:56:01.322Z,2025-03-16T03:56:16.613Z,0.00
2025-03-16T03:56:16.613Z,2025-03-16T03:58:30.252Z,0.04
2025-03-16T03:58:30.252Z,2025-03-16T04:00:26.858Z,0.03
2025-03-16T04:00:26.858Z,2025-03-16T04:36:34.112Z,0.60
2025-03-16T04:36:34.112Z,2025-03-16T05:12:20.950Z,0.60
2025-03-16T05:12:20.950Z,2025-03-16T05:13:59.948Z,0.03
2025-03-16T05:13:59.948Z,2025-03-16T05:15:46.644Z,0.03
2025-03-16T05:15:46.644Z,2025-03-16T05:16:33.853Z,0.01
2025-03-16T05:16:33.853Z,2025-03-16T05:22:39.465Z,0.10
2025-03-16T05:22:39.465Z,2025-03-16T05:25:37.917Z,0.05
2025-03-16T05:25:37.917Z,2025-03-16T05:27:40.343Z,0.03
2025-03-16T05:27:40.343Z,2025-03-16T05:33:39.069Z,0.10
2025-03-16T16:54:55.973Z,2025-03-16T16:57:26.039Z,0.04
2025-03-16T16:57:26.039Z,2025-03-16T16:58:19.228Z,0.01
2025-03-16T16:58:19.228Z,2025-03-16T16:59:25.997Z,0.02
2025-03-16T16:59:25.997Z,2025-03-16T16:59:52.425Z,0.01
2025-03-16T16:59:52.425Z,2025-03-16T17:01:31.529Z,0.03
2025-03-16T17:01:31.529Z,2025-03-16T17:04:05.648Z,0.04
2025-03-16T17:04:05.648Z,2025-03-16T17:04:07.451Z,0.00
2025-03-16T17:04:07.451Z,2025-03-16T17:04:45.992Z,0.01
2025-03-16T17:04:45.992Z,2025-03-16T17:07:03.903Z,0.04
2025-03-16T17:07:03.903Z,2025-03-16T17:09:35.390Z,0.04
2025-03-16T17:09:35.390Z,2025-03-16T17:09:49.170Z,0.00
2025-03-16T17:09:49.170Z,2025-03-16T17:10:11.201Z,0.01
2025-03-16T17:10:11.201Z,2025-03-16T17:11:06.358Z,0.02
2025-03-16T17:11:06.358Z,2025-03-16T17:12:07.593Z,0.02
2025-03-16T17:12:07.593Z,2025-03-16T17:14:32.439Z,0.04
2025-03-16T17:14:32.439Z,2025-03-16T17:15:44.693Z,0.02
2025-03-16T17:15:44.693Z,2025-03-16T17:16:21.478Z,0.01
2025-03-16T17:16:21.478Z,2025-03-16T17:18:09.437Z,0.03
2025-03-16T17:18:09.437Z,2025-03-16T17:19:03.896Z,0.02
2025-03-16T17:19:03.896Z,2025-03-16T17:19:35.930Z,0.01
2025-03-16T17:19:35.930Z,2025-03-16T17:21:40.521Z,0.03
2025-03-16T17:21:40.521Z,2025-03-16T17:23:35.911Z,0.03
2025-03-16T17:23:35.911Z,2025-03-16T17:25:30.150Z,0.03
2025-03-16T17:25:30.150Z,2025-03-16T17:26:39.038Z,0.02
2025-03-16T17:26:39.038Z,2025-03-16T17:27:11.939Z,0.01
2025-03-16T17:27:11.939Z,2025-03-16T17:29:33.255Z,0.04
2025-03-16T17:29:33.255Z,2025-03-16T17:30:09.039Z,0.01
2025-03-16T17:30:09.039Z,2025-03-16T17:30:28.118Z,0.01
2025-03-16T17:30:28.118Z,2025-03-16T17:30:40.350Z,0.00
2025-03-16T17:30:40.350Z,2025-03-16T17:31:40.013Z,0.02
2025-03-16T17:31:40.013Z,2025-03-16T17:33:53.970Z,0.04
2025-03-16T17:33:53.970Z,2025-03-16T17:35:24.819Z,0.03
2025-03-16T17:35:24.819Z,2025-03-16T17:36:00.562Z,0.01
2025-03-16T17:36:00.562Z,2025-03-16T17:36:07.286Z,0.00
2025-03-16T17:36:07.286Z,2025-03-16T17:56:56.755Z,0.35
2025-03-16T17:56:56.755Z,2025-03-16T20:58:47.439Z,3.03
2025-03-16T20:58:47.439Z,2025-03-16T21:02:33.539Z,0.06
2025-03-16T21:02:33.539Z,2025-03-16T21:23:49.703Z,0.35
2025-03-16T21:23:49.703Z,2025-03-16T21:25:50.489Z,0.03
2025-03-16T21:25:50.489Z,2025-03-16T21:25:59.369Z,0.00
2025-03-16T21:25:59.369Z,2025-03-16T21:26:19.362Z,0.01
2025-03-16T21:26:19.362Z,2025-03-16T21:26:27.566Z,0.00
2025-03-16T21:26:27.566Z,2025-03-16T21:27:07.685Z,0.01
2025-03-16T21:27:07.685Z,2025-03-16T21:27:26.926Z,0.01
2025-03-16T21:27:26.926Z,2025-03-16T21:27:35.677Z,0.00
2025-03-16T21:27:35.677Z,2025-03-16T21:29:18.316Z,0.03
2025-03-16T21:29:18.316Z,2025-03-16T21:30:05.710Z,0.01
2025-03-16T21:30:05.710Z,2025-03-16T21:31:02.390Z,0.02
2025-03-16T21:31:02.390Z,2025-03-16T21:31:55.675Z,0.01
2025-03-16T21:31:55.675Z,2025-03-16T21:32:01.699Z,0.00
2025-03-16T21:32:01.699Z,2025-03-16T21:34:39.490Z,0.04
2025-03-16T21:34:39.490Z,2025-03-16T21:37:12.564Z,0.04
2025-03-16T21:37:12.564Z,2025-03-16T21:37:19.805Z,0.00
2025-03-16T21:37:19.805Z,2025-03-16T21:37:36.766Z,0.00
2025-03-16T21:37:36.766Z,2025-03-16T21:38:01.566Z,0.01
2025-03-16T21:38:01.566Z,2025-03-16T21:38:43.294Z,0.01
2025-03-16T21:38:43.294Z,2025-03-16T21:39:09.050Z,0.01
2025-03-16T21:39:09.050Z,2025-03-16T21:39:17.950Z,0.00
2025-03-16T21:39:17.950Z,2025-03-16T21:39:43.959Z,0.01
2025-03-16T21:39:43.959Z,2025-03-16T21:40:04.611Z,0.01
2025-03-16T21:40:04.611Z,2025-03-16T21:40:15.434Z,0.00
2025-03-16T21:40:15.434Z,2025-03-16T21:40:22.746Z,0.00
2025-03-16T21:40:22.746Z,2025-03-16T21:40:43.046Z,0.01
2025-03-16T21:40:43.046Z,2025-03-16T21:40:53.777Z,0.00
2025-03-16T21:40:53.777Z,2025-03-16T21:41:05.472Z,0.00
2025-03-16T21:41:05.472Z,2025-03-16T21:41:28.584Z,0.01
2025-03-16T21:41:28.584Z,2025-03-16T21:41:51.014Z,0.01
2025-03-16T21:41:51.014Z,2025-03-16T21:43:01.914Z,0.02
2025-03-16T21:43:01.914Z,2025-03-16T21:43:47.519Z,0.01
2025-03-16T21:43:47.519Z,2025-03-16T21:44:13.388Z,0.01
2025-03-16T21:44:13.388Z,2025-03-16T21:44:41.130Z,0.01
2025-03-16T21:44:41.130Z,2025-03-16T21:45:09.568Z,0.01
2025-03-16T21:45:09.568Z,2025-03-16T21:45:47.481Z,0.01
2025-03-16T21:45:47.481Z,2025-03-16T21:45:50.391Z,0.00
2025-03-16T21:45:50.391Z,2025-03-16T21:46:14.974Z,0.01
2025-03-16T21:46:14.974Z,2025-03-16T21:46:54.225Z,0.01
2025-03-16T21:46:54.225Z,2025-03-16T21:47:55.220Z,0.02
2025-03-16T21:47:55.220Z,2025-03-16T21:53:12.190Z,0.09
2025-03-16T21:53:12.190Z,2025-03-16T21:53:32.540Z,0.01
2025-03-16T21:53:32.540Z,2025-03-16T21:56:31.384Z,0.05
2025-03-16T21:56:31.384Z,2025-03-16T21:56:56.982Z,0.01
2025-03-16T21:56:56.982Z,2025-03-16T21:57:27.497Z,0.01
2025-03-16T21:57:27.497Z,2025-03-16T21:57:51.174Z,0.01
2025-03-16T21:57:51.174Z,2025-03-16T21:57:57.740Z,0.00
2025-03-16T21:57:57.740Z,2025-03-16T21:58:51.836Z,0.02
2025-03-16T21:58:51.836Z,2025-03-16T22:01:36.059Z,0.05
2025-03-16T22:01:36.059Z,2025-03-16T22:01:46.752Z,0.00
2025-03-16T22:01:46.752Z,2025-03-16T22:05:44.368Z,0.07
2025-03-16T22:05:44.368Z,2025-03-16T22:06:05.936Z,0.01
2025-03-16T22:06:05.936Z,2025-03-16T22:07:10.066Z,0.02
2025-03-16T22:07:10.066Z,2025-03-16T22:07:37.244Z,0.01
2025-03-16T22:07:37.244Z,2025-03-16T22:08:33.197Z,0.02
2025-03-16T22:08:33.197Z,2025-03-16T22:09:11.883Z,0.01
2025-03-16T22:09:11.883Z,2025-03-16T22:09:13.597Z,0.00
2025-03-16T22:09:13.597Z,2025-03-16T22:10:29.726Z,0.02
2025-03-16T22:10:29.726Z,2025-03-16T22:13:21.320Z,0.05
2025-03-16T22:13:21.320Z,2025-03-16T22:13:55.571Z,0.01
2025-03-16T22:13:55.571Z,2025-03-16T22:15:23.763Z,0.02
2025-03-16T22:15:23.763Z,2025-03-16T22:18:26.777Z,0.05
2025-03-16T22:18:26.777Z,2025-03-16T22:19:27.027Z,0.02
2025-03-16T22:19:27.027Z,2025-03-16T22:20:37.308Z,0.02
2025-03-16T22:20:37.308Z,2025-03-16T22:25:08.154Z,0.08
2025-03-16T22:25:08.154Z,2025-03-16T22:25:25.824Z,0.00
2025-03-16T22:25:25.824Z,2025-03-16T22:27:05.597Z,0.03
2025-03-16T22:27:05.597Z,2025-03-16T22:28:32.818Z,0.02
2025-03-16T22:28:32.818Z,2025-03-16T22:28:53.276Z,0.01
2025-03-16T22:28:53.276Z,2025-03-16T22:29:09.569Z,0.00
2025-03-16T22:29:09.569Z,2025-03-16T22:30:50.816Z,0.03
2025-03-16T22:30:50.816Z,2025-03-16T22:35:37.876Z,0.08
2025-03-16T22:35:37.876Z,2025-03-16T22:40:38.584Z,0.08
2025-03-16T22:40:38.584Z,2025-03-16T22:44:53.117Z,0.07
2025-03-16T22:44:53.117Z,2025-03-16T22:45:19.225Z,0.01
2025-03-16T22:45:19.225Z,2025-03-16T22:46:40.882Z,0.02
2025-03-16T22:46:40.882Z,2025-03-16T22:48:31.093Z,0.03
2025-03-16T22:48:31.093Z,2025-03-16T22:49:30.221Z,0.02
2025-03-16T22:49:30.221Z,2025-03-16T22:50:05.359Z,0.01
2025-03-16T22:50:05.359Z,2025-03-16T23:01:25.543Z,0.19
2025-03-16T23:01:25.543Z,2025-03-16T23:03:08.081Z,0.03
2025-03-16T23:03:08.081Z,2025-03-16T23:07:02.751Z,0.07
2025-03-16T23:07:02.751Z,2025-03-16T23:08:38.520Z,0.03
2025-03-16T23:08:38.520Z,2025-03-16T23:20:36.822Z,0.20
2025-03-16T23:20:36.822Z,2025-03-16T23:27:33.763Z,0.12
2025-03-16T23:27:33.763Z,2025-03-16T23:28:49.287Z,0.02